voter,affil,Team1_1,Team1_2,Team1_3,Team1_4,Team1_5,Team2_1,Team2_2,Team2_3,Team2_4,Team2_5,Team3_1,Team3_2,Team3_3,Team3_4,Team3_5
David Aldridge,The Athletic,"Giannis Antetokounmpo, Milwaukee","Shai Gilgeous-Alexander, Oklahoma City","Nikola Jokić, Denver","Donovan Mitchell, Cleveland","Jayson Tatum, Boston","Cade Cunningham, Detroit","Stephen Curry, Golden State","Anthony Edwards, Minnesota","LeBron James, Los Angeles Lakers","Evan Mobley, Cleveland","Jalen Brunson, New York","Tyrese Haliburton, Indiana","James Harden, LA Clippers","Jaren Jackson Jr., Memphis","Jalen Williams, Oklahoma City"
Sam Amick,The Athletic,"Giannis Antetokounmpo, Milwaukee","Shai Gilgeous-Alexander, Oklahoma City","Nikola Jokić, Denver","Donovan Mitchell, Cleveland","Jayson Tatum, Boston","Jalen Brunson, New York","Stephen Curry, Golden State","Anthony Edwards, Minnesota","LeBron James, Los Angeles Lakers","Evan Mobley, Cleveland","Cade Cunningham, Detroit","Tyrese Haliburton, Indiana","James Harden, LA Clippers","Jaren Jackson Jr., Memphis","Jalen Williams, Oklahoma City"
Jason Anderson,Sacramento Bee,"Giannis Antetokounmpo, Milwaukee","Shai Gilgeous-Alexander, Oklahoma City","Nikola Jokić, Denver","Donovan Mitchell, Cleveland","Jayson Tatum, Boston","Jalen Brunson, New York","Stephen Curry, Golden State","Anthony Edwards, Minnesota","LeBron James, Los Angeles Lakers","Evan Mobley, Cleveland","Cade Cunningham, Detroit","Tyrese Haliburton, Indiana","Jaren Jackson Jr., Memphis","Domantas Sabonis, Sacramento","Karl-Anthony Towns, New York"
Greg Anthony,WarnerMedia,"Giannis Antetokounmpo, Milwaukee","Shai Gilgeous-Alexander, Oklahoma City","Nikola Jokić, Denver","Donovan Mitchell, Cleveland","Jayson Tatum, Boston","Stephen Curry, Golden State","Anthony Edwards, Minnesota","James Harden, LA Clippers","LeBron James, Los Angeles Lakers","Evan Mobley, Cleveland","Jalen Brunson, New York","Cade Cunningham, Detroit","Tyrese Haliburton, Indiana","Jaren Jackson Jr., Memphis","Karl-Anthony Towns, New York"
Steve Aschburner,NBA.com,"Giannis Antetokounmpo, Milwaukee","Shai Gilgeous-Alexander, Oklahoma City","Nikola Jokić, Denver","Donovan Mitchell, Cleveland","Jayson Tatum, Boston","Jalen Brunson, New York","Cade Cunningham, Detroit","Stephen Curry, Golden State","Evan Mobley, Cleveland","Alperen Sengun, Houston","Anthony Edwards, Minnesota","LeBron James, Los Angeles Lakers","Domantas Sabonis, Sacramento","Karl-Anthony Towns, New York","Jalen Williams, Oklahoma City"
Maxime Aubin,L'Equipe,"Giannis Antetokounmpo, Milwaukee","Shai Gilgeous-Alexander, Oklahoma City","LeBron James, Los Angeles Lakers","Nikola Jokić, Denver","Jayson Tatum, Boston","Jalen Brunson, New York","Cade Cunningham, Detroit","Anthony Edwards, Minnesota","Donovan Mitchell, Cleveland","Karl-Anthony Towns, New York","Stephen Curry, Golden State","Tyrese Haliburton, Indiana","James Harden, LA Clippers","Evan Mobley, Cleveland","Ivica Zubac, LA Clippers"
Howard Beck,The Ringer,"Giannis Antetokounmpo, Milwaukee","Stephen Curry, Golden State","Shai Gilgeous-Alexander, Oklahoma City","Nikola Jokić, Denver","Jayson Tatum, Boston","Anthony Edwards, Minnesota","LeBron James, Los Angeles Lakers","Donovan Mitchell, Cleveland","Evan Mobley, Cleveland","Karl-Anthony Towns, New York","Jalen Brunson, New York","Cade Cunningham, Detroit","Tyrese Haliburton, Indiana","James Harden, LA Clippers","Jalen Williams, Oklahoma City"
Jason Beede,Orlando Sentinel,"Giannis Antetokounmpo, Milwaukee","Shai Gilgeous-Alexander, Oklahoma City","Nikola Jokić, Denver","Donovan Mitchell, Cleveland","Jayson Tatum, Boston","Jalen Brunson, New York","Cade Cunningham, Detroit","Anthony Edwards, Minnesota","Evan Mobley, Cleveland","Karl-Anthony Towns, New York","Stephen Curry, Golden State","Tyrese Haliburton, Indiana","LeBron James, Los Angeles Lakers","Alperen Sengun, Houston","Jalen Williams, Oklahoma City"
Tim Bontemps,ESPN,"Giannis Antetokounmpo, Milwaukee","Jalen Brunson, New York","Shai Gilgeous-Alexander, Oklahoma City","Nikola Jokić, Denver","Jayson Tatum, Boston","Stephen Curry, Golden State","Anthony Edwards, Minnesota","LeBron James, Los Angeles Lakers","Donovan Mitchell, Cleveland","Evan Mobley, Cleveland","Cade Cunningham, Detroit","James Harden, LA Clippers","Jaren Jackson Jr., Memphis","Karl-Anthony Towns, New York","Jalen Williams, Oklahoma City"
Rod Boone,Charlotte Observer,"Giannis Antetokounmpo, Milwaukee","Jalen Brunson, New York","Shai Gilgeous-Alexander, Oklahoma City","Nikola Jokić, Denver","Jayson Tatum, Boston","Cade Cunningham, Detroit","Stephen Curry, Golden State","Anthony Edwards, Minnesota","LeBron James, Los Angeles Lakers","Karl-Anthony Towns, New York","Devin Booker, Phoenix","James Harden, LA Clippers","Jaren Jackson Jr., Memphis","Donovan Mitchell, Cleveland","Evan Mobley, Cleveland"
Chris Broussard,Fox Sports,"Giannis Antetokounmpo, Milwaukee","Anthony Edwards, Minnesota","Shai Gilgeous-Alexander, Oklahoma City","Nikola Jokić, Denver","Jayson Tatum, Boston","Cade Cunningham, Detroit","Stephen Curry, Golden State","LeBron James, Los Angeles Lakers","Donovan Mitchell, Cleveland","Karl-Anthony Towns, New York","Jalen Brunson, New York","Tyrese Haliburton, Indiana","James Harden, LA Clippers","Evan Mobley, Cleveland","Alperen Sengun, Houston"
Ric Bucher,FS1,"Giannis Antetokounmpo, Milwaukee","Cade Cunningham, Detroit","Shai Gilgeous-Alexander, Oklahoma City","Nikola Jokić, Denver","Jayson Tatum, Boston","Bam Adebayo, Miami","Jalen Brunson, New York","Anthony Edwards, Minnesota","Darius Garland, Cleveland","Jalen Williams, Oklahoma City","Stephen Curry, Golden State","LeBron James, Los Angeles Lakers","Donovan Mitchell, Cleveland","Pascal Siakam, Indiana","Karl-Anthony Towns, New York"
Jovan Buha,The Athletic,"Giannis Antetokounmpo, Milwaukee","Shai Gilgeous-Alexander, Oklahoma City","LeBron James, Los Angeles Lakers","Nikola Jokić, Denver","Jayson Tatum, Boston","Jalen Brunson, New York","Stephen Curry, Golden State","Anthony Edwards, Minnesota","Donovan Mitchell, Cleveland","Evan Mobley, Cleveland","Cade Cunningham, Detroit","Tyrese Haliburton, Indiana","Karl-Anthony Towns, New York","Jalen Williams, Oklahoma City","Ivica Zubac, LA Clippers"
Miguel Candeias,A Bola,"Giannis Antetokounmpo, Milwaukee","Shai Gilgeous-Alexander, Oklahoma City","Nikola Jokić, Denver","Donovan Mitchell, Cleveland","Jayson Tatum, Boston","Jalen Brunson, New York","Stephen Curry, Golden State","Anthony Edwards, Minnesota","LeBron James, Los Angeles Lakers","Evan Mobley, Cleveland","Cade Cunningham, Detroit","Tyrese Haliburton, Indiana","Jaren Jackson Jr., Memphis","Alperen Sengun, Houston","Karl-Anthony Towns, New York"
Anthony Chiang,Miami Herald,"Giannis Antetokounmpo, Milwaukee","Shai Gilgeous-Alexander, Oklahoma City","Nikola Jokić, Denver","Donovan Mitchell, Cleveland","Jayson Tatum, Boston","Jalen Brunson, New York","Cade Cunningham, Detroit","Anthony Edwards, Minnesota","Evan Mobley, Cleveland","Karl-Anthony Towns, New York","Stephen Curry, Golden State","Jaren Jackson Jr., Memphis","LeBron James, Los Angeles Lakers","Alperen Sengun, Houston","Jalen Williams, Oklahoma City"
Damichael Cole,Memphis Commercial Appeal,"Giannis Antetokounmpo, Milwaukee","Anthony Edwards, Minnesota","Shai Gilgeous-Alexander, Oklahoma City","Nikola Jokić, Denver","Jayson Tatum, Boston","Jalen Brunson, New York","Cade Cunningham, Detroit","Donovan Mitchell, Cleveland","Evan Mobley, Cleveland","Karl-Anthony Towns, New York","Stephen Curry, Golden State","Jaren Jackson Jr., Memphis","LeBron James, Los Angeles Lakers","Alperen Sengun, Houston","Jalen Williams, Oklahoma City"
Mike Curtis,Dallas Morning News,"Giannis Antetokounmpo, Milwaukee","Shai Gilgeous-Alexander, Oklahoma City","LeBron James, Los Angeles Lakers","Nikola Jokić, Denver","Jayson Tatum, Boston","Jalen Brunson, New York","Cade Cunningham, Detroit","Anthony Edwards, Minnesota","Donovan Mitchell, Cleveland","Evan Mobley, Cleveland","Stephen Curry, Golden State","James Harden, LA Clippers","Jaren Jackson Jr., Memphis","Alperen Sengun, Houston","Karl-Anthony Towns, New York"
Antoni Daimiel,Movistar+,"Giannis Antetokounmpo, Milwaukee","Shai Gilgeous-Alexander, Oklahoma City","Nikola Jokić, Denver","Donovan Mitchell, Cleveland","Jayson Tatum, Boston","Cade Cunningham, Detroit","Stephen Curry, Golden State","Anthony Edwards, Minnesota","LeBron James, Los Angeles Lakers","Karl-Anthony Towns, New York","Jalen Brunson, New York","James Harden, LA Clippers","Evan Mobley, Cleveland","Alperen Sengun, Houston","Pascal Siakam, Indiana"
Claire de Lune,The Guardian,"Giannis Antetokounmpo, Milwaukee","Shai Gilgeous-Alexander, Oklahoma City","LeBron James, Los Angeles Lakers","Nikola Jokić, Denver","Jayson Tatum, Boston","Jalen Brunson, New York","Stephen Curry, Golden State","Anthony Edwards, Minnesota","Donovan Mitchell, Cleveland","Evan Mobley, Cleveland","Cade Cunningham, Detroit","Tyrese Haliburton, Indiana","James Harden, LA Clippers","Jaren Jackson Jr., Memphis","Karl-Anthony Towns, New York"
Dan Devine,Yahoo! Sports,"Giannis Antetokounmpo, Milwaukee","Shai Gilgeous-Alexander, Oklahoma City","Nikola Jokić, Denver","Donovan Mitchell, Cleveland","Jayson Tatum, Boston","Jalen Brunson, New York","Stephen Curry, Golden State","Anthony Edwards, Minnesota","Tyrese Haliburton, Indiana","Evan Mobley, Cleveland","Cade Cunningham, Detroit","Jaren Jackson Jr., Memphis","LeBron James, Los Angeles Lakers","Alperen Sengun, Houston","Karl-Anthony Towns, New York"
Bennett Durando,Denver Post,"Giannis Antetokounmpo, Milwaukee","Shai Gilgeous-Alexander, Oklahoma City","Nikola Jokić, Denver","Donovan Mitchell, Cleveland","Jayson Tatum, Boston","Stephen Curry, Golden State","Anthony Edwards, Minnesota","Tyrese Haliburton, Indiana","LeBron James, Los Angeles Lakers","Karl-Anthony Towns, New York","Jalen Brunson, New York","Cade Cunningham, Detroit","Evan Mobley, Cleveland","Alperen Sengun, Houston","Jalen Williams, Oklahoma City"
Chris Fedor,Cleveland.com,"Giannis Antetokounmpo, Milwaukee","Shai Gilgeous-Alexander, Oklahoma City","Nikola Jokić, Denver","Donovan Mitchell, Cleveland","Jayson Tatum, Boston","Stephen Curry, Golden State","Anthony Edwards, Minnesota","Tyrese Haliburton, Indiana","LeBron James, Los Angeles Lakers","Evan Mobley, Cleveland","Jalen Brunson, New York","Cade Cunningham, Detroit","Jaren Jackson Jr., Memphis","Alperen Sengun, Houston","Karl-Anthony Towns, New York"
Aaron Fentress,The Oregonian,"Giannis Antetokounmpo, Milwaukee","Shai Gilgeous-Alexander, Oklahoma City","Nikola Jokić, Denver","Donovan Mitchell, Cleveland","Jayson Tatum, Boston","Jalen Brunson, New York","Stephen Curry, Golden State","Anthony Edwards, Minnesota","LeBron James, Los Angeles Lakers","Karl-Anthony Towns, New York","Cade Cunningham, Detroit","Tyrese Haliburton, Indiana","Jaren Jackson Jr., Memphis","Evan Mobley, Cleveland","Jalen Williams, Oklahoma City"
Brian Geltzeiler,Sirius Radio,"Giannis Antetokounmpo, Milwaukee","Shai Gilgeous-Alexander, Oklahoma City","Nikola Jokić, Denver","Donovan Mitchell, Cleveland","Jayson Tatum, Boston","Cade Cunningham, Detroit","Stephen Curry, Golden State","Anthony Edwards, Minnesota","LeBron James, Los Angeles Lakers","Karl-Anthony Towns, New York","Jalen Brunson, New York","James Harden, LA Clippers","Evan Mobley, Cleveland","Alperen Sengun, Houston","Jalen Williams, Oklahoma City"
Katie George,ESPN/ABC,"Giannis Antetokounmpo, Milwaukee","Shai Gilgeous-Alexander, Oklahoma City","Nikola Jokić, Denver","Donovan Mitchell, Cleveland","Jayson Tatum, Boston","Jalen Brunson, New York","Cade Cunningham, Detroit","Anthony Edwards, Minnesota","LeBron James, Los Angeles Lakers","Evan Mobley, Cleveland","Stephen Curry, Golden State","Tyrese Haliburton, Indiana","James Harden, LA Clippers","Karl-Anthony Towns, New York","Jalen Williams, Oklahoma City"
Vince Goodwill,Yahoo! Sports,"Giannis Antetokounmpo, Milwaukee","Shai Gilgeous-Alexander, Oklahoma City","Nikola Jokić, Denver","Donovan Mitchell, Cleveland","Jayson Tatum, Boston","Jalen Brunson, New York","Cade Cunningham, Detroit","Anthony Edwards, Minnesota","LeBron James, Los Angeles Lakers","Evan Mobley, Cleveland","Stephen Curry, Golden State","Tyrese Haliburton, Indiana","James Harden, LA Clippers","Karl-Anthony Towns, New York","Jalen Williams, Oklahoma City"
Michael Grange,Rogers Sportsnet,"Giannis Antetokounmpo, Milwaukee","Shai Gilgeous-Alexander, Oklahoma City","Nikola Jokić, Denver","Donovan Mitchell, Cleveland","Jayson Tatum, Boston","Jalen Brunson, New York","Cade Cunningham, Detroit","Stephen Curry, Golden State","Anthony Edwards, Minnesota","Tyrese Haliburton, Indiana","LeBron James, Los Angeles Lakers","Evan Mobley, Cleveland","Pascal Siakam, Indiana","Karl-Anthony Towns, New York","Jalen Williams, Oklahoma City"
Jared Greenberg,WarnerMedia,"Giannis Antetokounmpo, Milwaukee","Shai Gilgeous-Alexander, Oklahoma City","Nikola Jokić, Denver","Donovan Mitchell, Cleveland","Jayson Tatum, Boston","Cade Cunningham, Detroit","Stephen Curry, Golden State","Anthony Edwards, Minnesota","LeBron James, Los Angeles Lakers","Karl-Anthony Towns, New York","Jalen Brunson, New York","James Harden, LA Clippers","Evan Mobley, Cleveland","Alperen Sengun, Houston","Jalen Williams, Oklahoma City"
Will Guillory,The Athletic,"Giannis Antetokounmpo, Milwaukee","Shai Gilgeous-Alexander, Oklahoma City","Nikola Jokić, Denver","Donovan Mitchell, Cleveland","Jayson Tatum, Boston","Cade Cunningham, Detroit","Anthony Edwards, Minnesota","LeBron James, Los Angeles Lakers","Evan Mobley, Cleveland","Karl-Anthony Towns, New York","Jalen Brunson, New York","Stephen Curry, Golden State","James Harden, LA Clippers","Jaren Jackson Jr., Memphis","Jalen Williams, Oklahoma City"
Zach Harper,The Athletic,"Giannis Antetokounmpo, Milwaukee","Shai Gilgeous-Alexander, Oklahoma City","Nikola Jokić, Denver","Donovan Mitchell, Cleveland","Jayson Tatum, Boston","Stephen Curry, Golden State","Anthony Edwards, Minnesota","LeBron James, Los Angeles Lakers","Evan Mobley, Cleveland","Alperen Sengun, Houston","Jalen Brunson, New York","Cade Cunningham, Detroit","Tyrese Haliburton, Indiana","Karl-Anthony Towns, New York","Jalen Williams, Oklahoma City"
Kurt Helin,NBCSports.com,"Giannis Antetokounmpo, Milwaukee","Shai Gilgeous-Alexander, Oklahoma City","LeBron James, Los Angeles Lakers","Nikola Jokić, Denver","Jayson Tatum, Boston","Stephen Curry, Golden State","Anthony Edwards, Minnesota","Donovan Mitchell, Cleveland","Evan Mobley, Cleveland","Karl-Anthony Towns, New York","Jalen Brunson, New York","Cade Cunningham, Detroit","Tyrese Haliburton, Indiana","Jaren Jackson Jr., Memphis","Jalen Williams, Oklahoma City"
James Herbert,CBSSports.com,"Giannis Antetokounmpo, Milwaukee","Stephen Curry, Golden State","Shai Gilgeous-Alexander, Oklahoma City","Nikola Jokić, Denver","Jayson Tatum, Boston","Jalen Brunson, New York","Anthony Edwards, Minnesota","LeBron James, Los Angeles Lakers","Donovan Mitchell, Cleveland","Evan Mobley, Cleveland","Cade Cunningham, Detroit","Tyrese Haliburton, Indiana","James Harden, LA Clippers","Jaren Jackson Jr., Memphis","Karl-Anthony Towns, New York"
Kyle Hightower,Associated Press,"Giannis Antetokounmpo, Milwaukee","Shai Gilgeous-Alexander, Oklahoma City","Nikola Jokić, Denver","Donovan Mitchell, Cleveland","Jayson Tatum, Boston","Jalen Brunson, New York","Cade Cunningham, Detroit","Anthony Edwards, Minnesota","Evan Mobley, Cleveland","Karl-Anthony Towns, New York","Stephen Curry, Golden State","Jaren Jackson Jr., Memphis","LeBron James, Los Angeles Lakers","Alperen Sengun, Houston","Jalen Williams, Oklahoma City"
Adam Himmelsbach,Boston Globe,"Giannis Antetokounmpo, Milwaukee","Shai Gilgeous-Alexander, Oklahoma City","Nikola Jokić, Denver","Donovan Mitchell, Cleveland","Jayson Tatum, Boston","Jalen Brunson, New York","Cade Cunningham, Detroit","Anthony Edwards, Minnesota","LeBron James, Los Angeles Lakers","Evan Mobley, Cleveland","Stephen Curry, Golden State","James Harden, LA Clippers","Alperen Sengun, Houston","Karl-Anthony Towns, New York","Jalen Williams, Oklahoma City"
Kelly Iko,The Athletic,"Giannis Antetokounmpo, Milwaukee","Shai Gilgeous-Alexander, Oklahoma City","LeBron James, Los Angeles Lakers","Nikola Jokić, Denver","Jayson Tatum, Boston","Jalen Brunson, New York","Stephen Curry, Golden State","Anthony Edwards, Minnesota","Donovan Mitchell, Cleveland","Evan Mobley, Cleveland","Cade Cunningham, Detroit","James Harden, LA Clippers","Jaren Jackson Jr., Memphis","Karl-Anthony Towns, New York","Jalen Williams, Oklahoma City"
Frank Isola,Sirius Radio,"Giannis Antetokounmpo, Milwaukee","Shai Gilgeous-Alexander, Oklahoma City","Nikola Jokić, Denver","Donovan Mitchell, Cleveland","Jayson Tatum, Boston","Jalen Brunson, New York","Stephen Curry, Golden State","Anthony Edwards, Minnesota","LeBron James, Los Angeles Lakers","Alperen Sengun, Houston","Cade Cunningham, Detroit","Tyrese Haliburton, Indiana","James Harden, LA Clippers","Jaren Jackson Jr., Memphis","Jalen Williams, Oklahoma City"
Richard Jefferson,ESPN/ABC,"Giannis Antetokounmpo, Milwaukee","Shai Gilgeous-Alexander, Oklahoma City","Nikola Jokić, Denver","Donovan Mitchell, Cleveland","Jayson Tatum, Boston","Jalen Brunson, New York","Cade Cunningham, Detroit","Anthony Edwards, Minnesota","LeBron James, Los Angeles Lakers","Karl-Anthony Towns, New York","Stephen Curry, Golden State","Tyrese Haliburton, Indiana","James Harden, LA Clippers","Evan Mobley, Cleveland","Jalen Williams, Oklahoma City"
Ernie Johnson,WarnerMedia,"Giannis Antetokounmpo, Milwaukee","Shai Gilgeous-Alexander, Oklahoma City","Nikola Jokić, Denver","Donovan Mitchell, Cleveland","Jayson Tatum, Boston","Jalen Brunson, New York","Cade Cunningham, Detroit","Stephen Curry, Golden State","Anthony Edwards, Minnesota","LeBron James, Los Angeles Lakers","James Harden, LA Clippers","Jaren Jackson Jr., Memphis","Evan Mobley, Cleveland","Alperen Sengun, Houston","Karl-Anthony Towns, New York"
Fred Katz,The Athletic,"Giannis Antetokounmpo, Milwaukee","Anthony Edwards, Minnesota","Shai Gilgeous-Alexander, Oklahoma City","Nikola Jokić, Denver","Jayson Tatum, Boston","Jalen Brunson, New York","Stephen Curry, Golden State","LeBron James, Los Angeles Lakers","Donovan Mitchell, Cleveland","Evan Mobley, Cleveland","Cade Cunningham, Detroit","Darius Garland, Cleveland","Jaren Jackson Jr., Memphis","Karl-Anthony Towns, New York","Jalen Williams, Oklahoma City"
Marc Kestecher,ESPN Radio,"Giannis Antetokounmpo, Milwaukee","Shai Gilgeous-Alexander, Oklahoma City","Nikola Jokić, Denver","Donovan Mitchell, Cleveland","Jayson Tatum, Boston","Jalen Brunson, New York","Cade Cunningham, Detroit","Anthony Edwards, Minnesota","Evan Mobley, Cleveland","Karl-Anthony Towns, New York","Stephen Curry, Golden State","Tyrese Haliburton, Indiana","Jaren Jackson Jr., Memphis","LeBron James, Los Angeles Lakers","Jalen Williams, Oklahoma City"
Eric Koreen,The Athletic,"Giannis Antetokounmpo, Milwaukee","Anthony Edwards, Minnesota","Shai Gilgeous-Alexander, Oklahoma City","Nikola Jokić, Denver","Jayson Tatum, Boston","Jalen Brunson, New York","Stephen Curry, Golden State","LeBron James, Los Angeles Lakers","Donovan Mitchell, Cleveland","Evan Mobley, Cleveland","Cade Cunningham, Detroit","Tyrese Haliburton, Indiana","James Harden, LA Clippers","Karl-Anthony Towns, New York","Jalen Williams, Oklahoma City"
Andy Larsen,Salt Lake Tribune,"Giannis Antetokounmpo, Milwaukee","Shai Gilgeous-Alexander, Oklahoma City","Nikola Jokić, Denver","Donovan Mitchell, Cleveland","Jayson Tatum, Boston","Cade Cunningham, Detroit","Stephen Curry, Golden State","Anthony Edwards, Minnesota","LeBron James, Los Angeles Lakers","Jalen Williams, Oklahoma City","Jalen Brunson, New York","James Harden, LA Clippers","Evan Mobley, Cleveland","Karl-Anthony Towns, New York","Ivica Zubac, LA Clippers"
Adam Lefkoe,WarnerMedia,"Giannis Antetokounmpo, Milwaukee","Cade Cunningham, Detroit","Shai Gilgeous-Alexander, Oklahoma City","Nikola Jokić, Denver","Jayson Tatum, Boston","Stephen Curry, Golden State","Anthony Edwards, Minnesota","LeBron James, Los Angeles Lakers","Donovan Mitchell, Cleveland","Evan Mobley, Cleveland","Jalen Brunson, New York","Tyrese Haliburton, Indiana","James Harden, LA Clippers","Alperen Sengun, Houston","Karl-Anthony Towns, New York"
Tim Legler,ESPN/ABC,"Giannis Antetokounmpo, Milwaukee","Shai Gilgeous-Alexander, Oklahoma City","Nikola Jokić, Denver","Donovan Mitchell, Cleveland","Jayson Tatum, Boston","Jalen Brunson, New York","Cade Cunningham, Detroit","Stephen Curry, Golden State","Anthony Edwards, Minnesota","LeBron James, Los Angeles Lakers","Tyrese Haliburton, Indiana","Evan Mobley, Cleveland","Alperen Sengun, Houston","Karl-Anthony Towns, New York","Jalen Williams, Oklahoma City"
Brian Lewis,New York Post,"Giannis Antetokounmpo, Milwaukee","Shai Gilgeous-Alexander, Oklahoma City","LeBron James, Los Angeles Lakers","Nikola Jokić, Denver","Jayson Tatum, Boston","Jalen Brunson, New York","Cade Cunningham, Detroit","Anthony Edwards, Minnesota","Donovan Mitchell, Cleveland","Evan Mobley, Cleveland","Stephen Curry, Golden State","James Harden, LA Clippers","Karl-Anthony Towns, New York","Jalen Williams, Oklahoma City","Ivica Zubac, LA Clippers"
Rob Mahoney,The Ringer,"Giannis Antetokounmpo, Milwaukee","Shai Gilgeous-Alexander, Oklahoma City","Nikola Jokić, Denver","Donovan Mitchell, Cleveland","Jayson Tatum, Boston","Stephen Curry, Golden State","Anthony Edwards, Minnesota","Tyrese Haliburton, Indiana","LeBron James, Los Angeles Lakers","Evan Mobley, Cleveland","Jalen Brunson, New York","Cade Cunningham, Detroit","Jaren Jackson Jr., Memphis","Karl-Anthony Towns, New York","Jalen Williams, Oklahoma City"
Chris Mannix,Sports Illustrated,"Giannis Antetokounmpo, Milwaukee","Shai Gilgeous-Alexander, Oklahoma City","LeBron James, Los Angeles Lakers","Nikola Jokić, Denver","Jayson Tatum, Boston","Jalen Brunson, New York","Stephen Curry, Golden State","Anthony Edwards, Minnesota","Donovan Mitchell, Cleveland","Evan Mobley, Cleveland","Cade Cunningham, Detroit","Tyrese Haliburton, Indiana","Jaren Jackson Jr., Memphis","Karl-Anthony Towns, New York","Jalen Williams, Oklahoma City"
Sebastian Martinez-Christensen,ESPN Latin America,"Giannis Antetokounmpo, Milwaukee","Cade Cunningham, Detroit","Shai Gilgeous-Alexander, Oklahoma City","Nikola Jokić, Denver","Jayson Tatum, Boston","Jalen Brunson, New York","Stephen Curry, Golden State","Anthony Edwards, Minnesota","Donovan Mitchell, Cleveland","Evan Mobley, Cleveland","Tyrese Haliburton, Indiana","Jaren Jackson Jr., Memphis","LeBron James, Los Angeles Lakers","Alperen Sengun, Houston","Karl-Anthony Towns, New York"
Jeff McDonald,San Antonio Express-News,"Giannis Antetokounmpo, Milwaukee","Shai Gilgeous-Alexander, Oklahoma City","Nikola Jokić, Denver","Donovan Mitchell, Cleveland","Jayson Tatum, Boston","Jalen Brunson, New York","Cade Cunningham, Detroit","Anthony Edwards, Minnesota","Evan Mobley, Cleveland","Karl-Anthony Towns, New York","Stephen Curry, Golden State","Tyrese Haliburton, Indiana","Jaren Jackson Jr., Memphis","LeBron James, Los Angeles Lakers","Alperen Sengun, Houston"
Steve McGehee,News 9,"Giannis Antetokounmpo, Milwaukee","Anthony Edwards, Minnesota","Shai Gilgeous-Alexander, Oklahoma City","Nikola Jokić, Denver","Jayson Tatum, Boston","Jalen Brunson, New York","Stephen Curry, Golden State","Tyrese Haliburton, Indiana","Donovan Mitchell, Cleveland","Karl-Anthony Towns, New York","Cade Cunningham, Detroit","James Harden, LA Clippers","Jaren Jackson Jr., Memphis","Evan Mobley, Cleveland","Jalen Williams, Oklahoma City"
Dave McMenamin,ESPN,"Giannis Antetokounmpo, Milwaukee","Shai Gilgeous-Alexander, Oklahoma City","LeBron James, Los Angeles Lakers","Nikola Jokić, Denver","Jayson Tatum, Boston","Cade Cunningham, Detroit","Stephen Curry, Golden State","Anthony Edwards, Minnesota","Donovan Mitchell, Cleveland","Evan Mobley, Cleveland","Jalen Brunson, New York","James Harden, LA Clippers","Jaren Jackson Jr., Memphis","Alperen Sengun, Houston","Jalen Williams, Oklahoma City"
Chao Meng,TENCENT-ESPN,"Giannis Antetokounmpo, Milwaukee","Shai Gilgeous-Alexander, Oklahoma City","Nikola Jokić, Denver","Donovan Mitchell, Cleveland","Jayson Tatum, Boston","Jalen Brunson, New York","Stephen Curry, Golden State","Anthony Edwards, Minnesota","LeBron James, Los Angeles Lakers","Evan Mobley, Cleveland","Cade Cunningham, Detroit","James Harden, LA Clippers","Karl-Anthony Towns, New York","Jalen Williams, Oklahoma City","Ivica Zubac, LA Clippers"
Chris Miles,WarnerMedia,"Giannis Antetokounmpo, Milwaukee","Shai Gilgeous-Alexander, Oklahoma City","Nikola Jokić, Denver","Donovan Mitchell, Cleveland","Jayson Tatum, Boston","Stephen Curry, Golden State","Anthony Edwards, Minnesota","James Harden, LA Clippers","LeBron James, Los Angeles Lakers","Evan Mobley, Cleveland","Jalen Brunson, New York","Cade Cunningham, Detroit","Tyrese Haliburton, Indiana","Karl-Anthony Towns, New York","Jalen Williams, Oklahoma City"
Yoko Miyaji,Sports Graphic Number,"Giannis Antetokounmpo, Milwaukee","Shai Gilgeous-Alexander, Oklahoma City","Nikola Jokić, Denver","Donovan Mitchell, Cleveland","Jayson Tatum, Boston","Jalen Brunson, New York","Stephen Curry, Golden State","Anthony Edwards, Minnesota","LeBron James, Los Angeles Lakers","Evan Mobley, Cleveland","Tyrese Haliburton, Indiana","James Harden, LA Clippers","Jaren Jackson Jr., Memphis","Alperen Sengun, Houston","Karl-Anthony Towns, New York"
Yoav Modai,Sport 5,"Giannis Antetokounmpo, Milwaukee","Shai Gilgeous-Alexander, Oklahoma City","LeBron James, Los Angeles Lakers","Nikola Jokić, Denver","Jayson Tatum, Boston","Cade Cunningham, Detroit","Stephen Curry, Golden State","Anthony Edwards, Minnesota","Donovan Mitchell, Cleveland","Karl-Anthony Towns, New York","Jalen Brunson, New York","Tyrese Haliburton, Indiana","James Harden, LA Clippers","Evan Mobley, Cleveland","Trae Young, Atlanta"
Law Murray,The Athletic,"Giannis Antetokounmpo, Milwaukee","Shai Gilgeous-Alexander, Oklahoma City","Nikola Jokić, Denver","Donovan Mitchell, Cleveland","Jayson Tatum, Boston","Anthony Edwards, Minnesota","James Harden, LA Clippers","Evan Mobley, Cleveland","Karl-Anthony Towns, New York","Jalen Williams, Oklahoma City","Jalen Brunson, New York","Cade Cunningham, Detroit","Stephen Curry, Golden State","LeBron James, Los Angeles Lakers","Ivica Zubac, LA Clippers"
Eric Nehm,The Athletic,"Giannis Antetokounmpo, Milwaukee","Anthony Edwards, Minnesota","Shai Gilgeous-Alexander, Oklahoma City","Nikola Jokić, Denver","Jayson Tatum, Boston","Jalen Brunson, New York","Cade Cunningham, Detroit","Stephen Curry, Golden State","LeBron James, Los Angeles Lakers","Donovan Mitchell, Cleveland","Darius Garland, Cleveland","James Harden, LA Clippers","Evan Mobley, Cleveland","Karl-Anthony Towns, New York","Jalen Williams, Oklahoma City"
Rachel Nichols,Fox Sports,"Giannis Antetokounmpo, Milwaukee","Shai Gilgeous-Alexander, Oklahoma City","LeBron James, Los Angeles Lakers","Nikola Jokić, Denver","Jayson Tatum, Boston","Jalen Brunson, New York","Cade Cunningham, Detroit","Anthony Edwards, Minnesota","Donovan Mitchell, Cleveland","Evan Mobley, Cleveland","Stephen Curry, Golden State","James Harden, LA Clippers","Jaren Jackson Jr., Memphis","Karl-Anthony Towns, New York","Jalen Williams, Oklahoma City"
Kevin O'Connor,Yahoo! Sports,"Giannis Antetokounmpo, Milwaukee","Shai Gilgeous-Alexander, Oklahoma City","LeBron James, Los Angeles Lakers","Nikola Jokić, Denver","Jayson Tatum, Boston","Jalen Brunson, New York","Cade Cunningham, Detroit","Anthony Edwards, Minnesota","Donovan Mitchell, Cleveland","Evan Mobley, Cleveland","Stephen Curry, Golden State","James Harden, LA Clippers","Karl-Anthony Towns, New York","Jalen Williams, Oklahoma City","Ivica Zubac, LA Clippers"
Candace Parker,WarnerMedia,"Giannis Antetokounmpo, Milwaukee","Shai Gilgeous-Alexander, Oklahoma City","Nikola Jokić, Denver","Donovan Mitchell, Cleveland","Jayson Tatum, Boston","Jalen Brunson, New York","Stephen Curry, Golden State","Anthony Edwards, Minnesota","LeBron James, Los Angeles Lakers","Evan Mobley, Cleveland","Cade Cunningham, Detroit","James Harden, LA Clippers","Jaren Jackson Jr., Memphis","Alperen Sengun, Houston","Jalen Williams, Oklahoma City"
Dave Pasch,ESPN/ABC,"Giannis Antetokounmpo, Milwaukee","Shai Gilgeous-Alexander, Oklahoma City","Nikola Jokić, Denver","Donovan Mitchell, Cleveland","Jayson Tatum, Boston","Jalen Brunson, New York","Cade Cunningham, Detroit","Anthony Edwards, Minnesota","Tyrese Haliburton, Indiana","LeBron James, Los Angeles Lakers","Stephen Curry, Golden State","James Harden, LA Clippers","Evan Mobley, Cleveland","Alperen Sengun, Houston","Jalen Williams, Oklahoma City"
Kevin Pelton,ESPN,"Giannis Antetokounmpo, Milwaukee","Shai Gilgeous-Alexander, Oklahoma City","Nikola Jokić, Denver","Donovan Mitchell, Cleveland","Jayson Tatum, Boston","Stephen Curry, Golden State","Anthony Edwards, Minnesota","Tyrese Haliburton, Indiana","Evan Mobley, Cleveland","Karl-Anthony Towns, New York","Jalen Brunson, New York","Cade Cunningham, Detroit","James Harden, LA Clippers","LeBron James, Los Angeles Lakers","Ivica Zubac, LA Clippers"
Kendrick Perkins,ESPN,"Giannis Antetokounmpo, Milwaukee","Cade Cunningham, Detroit","Shai Gilgeous-Alexander, Oklahoma City","Nikola Jokić, Denver","Jayson Tatum, Boston","Jalen Brunson, New York","Anthony Edwards, Minnesota","LeBron James, Los Angeles Lakers","Donovan Mitchell, Cleveland","Karl-Anthony Towns, New York","Stephen Curry, Golden State","Tyrese Haliburton, Indiana","James Harden, LA Clippers","Evan Mobley, Cleveland","Alperen Sengun, Houston"
Michael Pina,The Ringer,"Giannis Antetokounmpo, Milwaukee","Shai Gilgeous-Alexander, Oklahoma City","Nikola Jokić, Denver","Donovan Mitchell, Cleveland","Jayson Tatum, Boston","Jalen Brunson, New York","Cade Cunningham, Detroit","Anthony Edwards, Minnesota","Evan Mobley, Cleveland","Karl-Anthony Towns, New York","Stephen Curry, Golden State","James Harden, LA Clippers","LeBron James, Los Angeles Lakers","Alperen Sengun, Houston","Jalen Williams, Oklahoma City"
Julia Poe,Chicago Tribune,"Giannis Antetokounmpo, Milwaukee","Shai Gilgeous-Alexander, Oklahoma City","Nikola Jokić, Denver","Donovan Mitchell, Cleveland","Jayson Tatum, Boston","Jalen Brunson, New York","Cade Cunningham, Detroit","Anthony Edwards, Minnesota","Evan Mobley, Cleveland","Karl-Anthony Towns, New York","Stephen Curry, Golden State","Jaren Jackson Jr., Memphis","LeBron James, Los Angeles Lakers","Alperen Sengun, Houston","Jalen Williams, Oklahoma City"
Keith Pompey,Philadelphia Inquirer,"Giannis Antetokounmpo, Milwaukee","Shai Gilgeous-Alexander, Oklahoma City","Nikola Jokić, Denver","Donovan Mitchell, Cleveland","Jayson Tatum, Boston","Stephen Curry, Golden State","Anthony Edwards, Minnesota","LeBron James, Los Angeles Lakers","Evan Mobley, Cleveland","Karl-Anthony Towns, New York","Jalen Brunson, New York","Cade Cunningham, Detroit","James Harden, LA Clippers","Jaren Jackson Jr., Memphis","Alperen Sengun, Houston"
Steve Popper,Newsday,"Giannis Antetokounmpo, Milwaukee","Shai Gilgeous-Alexander, Oklahoma City","Nikola Jokić, Denver","Donovan Mitchell, Cleveland","Jayson Tatum, Boston","Jalen Brunson, New York","Cade Cunningham, Detroit","Stephen Curry, Golden State","Anthony Edwards, Minnesota","LeBron James, Los Angeles Lakers","Tyrese Haliburton, Indiana","Evan Mobley, Cleveland","Alperen Sengun, Houston","Karl-Anthony Towns, New York","Jalen Williams, Oklahoma City"
Shaun Powell,NBA.com,"Giannis Antetokounmpo, Milwaukee","Shai Gilgeous-Alexander, Oklahoma City","LeBron James, Los Angeles Lakers","Nikola Jokić, Denver","Jayson Tatum, Boston","Jalen Brunson, New York","Cade Cunningham, Detroit","Anthony Edwards, Minnesota","Donovan Mitchell, Cleveland","Karl-Anthony Towns, New York","Stephen Curry, Golden State","Tyrese Haliburton, Indiana","James Harden, LA Clippers","Alperen Sengun, Houston","Jalen Williams, Oklahoma City"
Duane Rankin,Arizona Republic,"Giannis Antetokounmpo, Milwaukee","Anthony Edwards, Minnesota","Shai Gilgeous-Alexander, Oklahoma City","Nikola Jokić, Denver","Jayson Tatum, Boston","Jalen Brunson, New York","LeBron James, Los Angeles Lakers","Donovan Mitchell, Cleveland","Alperen Sengun, Houston","Karl-Anthony Towns, New York","Cade Cunningham, Detroit","Stephen Curry, Golden State","James Harden, LA Clippers","Jalen Williams, Oklahoma City","Trae Young, Atlanta"
Stephanie Ready,WarnerMedia,"Giannis Antetokounmpo, Milwaukee","Shai Gilgeous-Alexander, Oklahoma City","Nikola Jokić, Denver","Donovan Mitchell, Cleveland","Jayson Tatum, Boston","Jalen Brunson, New York","Stephen Curry, Golden State","Anthony Edwards, Minnesota","LeBron James, Los Angeles Lakers","Karl-Anthony Towns, New York","Devin Booker, Phoenix","Cade Cunningham, Detroit","Tyrese Haliburton, Indiana","James Harden, LA Clippers","Evan Mobley, Cleveland"
Bill Reiter,CBSSports.com,"Giannis Antetokounmpo, Milwaukee","Shai Gilgeous-Alexander, Oklahoma City","LeBron James, Los Angeles Lakers","Nikola Jokić, Denver","Jayson Tatum, Boston","Jalen Brunson, New York","Cade Cunningham, Detroit","Anthony Edwards, Minnesota","Evan Mobley, Cleveland","Karl-Anthony Towns, New York","Stephen Curry, Golden State","Tyrese Haliburton, Indiana","James Harden, LA Clippers","Jaren Jackson Jr., Memphis","Donovan Mitchell, Cleveland"
Remi Reverchon,BeIN Sports,"Giannis Antetokounmpo, Milwaukee","Cade Cunningham, Detroit","Shai Gilgeous-Alexander, Oklahoma City","Nikola Jokić, Denver","Jayson Tatum, Boston","Jalen Brunson, New York","Anthony Edwards, Minnesota","Donovan Mitchell, Cleveland","Evan Mobley, Cleveland","Karl-Anthony Towns, New York","Stephen Curry, Golden State","Tyrese Haliburton, Indiana","James Harden, LA Clippers","LeBron James, Los Angeles Lakers","Alperen Sengun, Houston"
Tim Reynolds,Associated Press,"Giannis Antetokounmpo, Milwaukee","Shai Gilgeous-Alexander, Oklahoma City","LeBron James, Los Angeles Lakers","Nikola Jokić, Denver","Jayson Tatum, Boston","Cade Cunningham, Detroit","Stephen Curry, Golden State","Anthony Edwards, Minnesota","Tyrese Haliburton, Indiana","Donovan Mitchell, Cleveland","Jalen Brunson, New York","James Harden, LA Clippers","Evan Mobley, Cleveland","Domantas Sabonis, Sacramento","Karl-Anthony Towns, New York"
Aurelia Rieke,OpenCourt-Basketball.com,"Giannis Antetokounmpo, Milwaukee","Shai Gilgeous-Alexander, Oklahoma City","Nikola Jokić, Denver","Donovan Mitchell, Cleveland","Jayson Tatum, Boston","Jalen Brunson, New York","Stephen Curry, Golden State","Anthony Edwards, Minnesota","Jaren Jackson Jr., Memphis","LeBron James, Los Angeles Lakers","Cade Cunningham, Detroit","James Harden, LA Clippers","Evan Mobley, Cleveland","Karl-Anthony Towns, New York","Jalen Williams, Oklahoma City"
Josh Robbins,The Athletic,"Giannis Antetokounmpo, Milwaukee","Shai Gilgeous-Alexander, Oklahoma City","Nikola Jokić, Denver","Donovan Mitchell, Cleveland","Jayson Tatum, Boston","Cade Cunningham, Detroit","Stephen Curry, Golden State","Anthony Edwards, Minnesota","LeBron James, Los Angeles Lakers","Evan Mobley, Cleveland","Jalen Brunson, New York","Tyrese Haliburton, Indiana","Jaren Jackson Jr., Memphis","Karl-Anthony Towns, New York","Jalen Williams, Oklahoma City"
Melissa Rohlin,Fox Sports,"Giannis Antetokounmpo, Milwaukee","Shai Gilgeous-Alexander, Oklahoma City","Nikola Jokić, Denver","Donovan Mitchell, Cleveland","Jayson Tatum, Boston","Jalen Brunson, New York","Stephen Curry, Golden State","Anthony Edwards, Minnesota","LeBron James, Los Angeles Lakers","Evan Mobley, Cleveland","Cade Cunningham, Detroit","Jaren Jackson Jr., Memphis","Alperen Sengun, Houston","Karl-Anthony Towns, New York","Jalen Williams, Oklahoma City"
Taylor Rooks,Bleacher Report,"Giannis Antetokounmpo, Milwaukee","Shai Gilgeous-Alexander, Oklahoma City","Nikola Jokić, Denver","Donovan Mitchell, Cleveland","Jayson Tatum, Boston","Jalen Brunson, New York","Cade Cunningham, Detroit","Anthony Edwards, Minnesota","LeBron James, Los Angeles Lakers","Evan Mobley, Cleveland","Stephen Curry, Golden State","Tyrese Haliburton, Indiana","James Harden, LA Clippers","Jaren Jackson Jr., Memphis","Karl-Anthony Towns, New York"
Ryen Russillo,The Ringer,"Giannis Antetokounmpo, Milwaukee","Shai Gilgeous-Alexander, Oklahoma City","Nikola Jokić, Denver","Donovan Mitchell, Cleveland","Jayson Tatum, Boston","Jalen Brunson, New York","Stephen Curry, Golden State","Anthony Edwards, Minnesota","LeBron James, Los Angeles Lakers","Evan Mobley, Cleveland","Cade Cunningham, Detroit","Tyrese Haliburton, Indiana","Jaren Jackson Jr., Memphis","Karl-Anthony Towns, New York","Jalen Williams, Oklahoma City"
Simone Sandri,La Gazzetta dello Sport,"Giannis Antetokounmpo, Milwaukee","Shai Gilgeous-Alexander, Oklahoma City","Nikola Jokić, Denver","Donovan Mitchell, Cleveland","Jayson Tatum, Boston","Cade Cunningham, Detroit","Stephen Curry, Golden State","Anthony Edwards, Minnesota","LeBron James, Los Angeles Lakers","Evan Mobley, Cleveland","Jalen Brunson, New York","Jaren Jackson Jr., Memphis","Alperen Sengun, Houston","Jalen Williams, Oklahoma City","Ivica Zubac, LA Clippers"
Omari Sankofa II,Detroit Free Press,"Giannis Antetokounmpo, Milwaukee","Shai Gilgeous-Alexander, Oklahoma City","Nikola Jokić, Denver","Donovan Mitchell, Cleveland","Jayson Tatum, Boston","Cade Cunningham, Detroit","Stephen Curry, Golden State","Anthony Edwards, Minnesota","LeBron James, Los Angeles Lakers","Evan Mobley, Cleveland","Jalen Brunson, New York","Tyrese Haliburton, Indiana","Jaren Jackson Jr., Memphis","Alperen Sengun, Houston","Karl-Anthony Towns, New York"
John Schuhmann,NBA.com,"Giannis Antetokounmpo, Milwaukee","Shai Gilgeous-Alexander, Oklahoma City","Nikola Jokić, Denver","Evan Mobley, Cleveland","Jayson Tatum, Boston","Cade Cunningham, Detroit","Stephen Curry, Golden State","Anthony Edwards, Minnesota","Donovan Mitchell, Cleveland","Karl-Anthony Towns, New York","Jalen Brunson, New York","James Harden, LA Clippers","LeBron James, Los Angeles Lakers","Alperen Sengun, Houston","Ivica Zubac, LA Clippers"
Dennis Scott,WarnerMedia,"Giannis Antetokounmpo, Milwaukee","Shai Gilgeous-Alexander, Oklahoma City","Nikola Jokić, Denver","Donovan Mitchell, Cleveland","Jayson Tatum, Boston","Stephen Curry, Golden State","Anthony Edwards, Minnesota","LeBron James, Los Angeles Lakers","Evan Mobley, Cleveland","Karl-Anthony Towns, New York","Jalen Brunson, New York","Cade Cunningham, Detroit","James Harden, LA Clippers","Jaren Jackson Jr., Memphis","Alperen Sengun, Houston"
Jorge Sedano,ESPN/ABC,"Giannis Antetokounmpo, Milwaukee","Shai Gilgeous-Alexander, Oklahoma City","Nikola Jokić, Denver","Donovan Mitchell, Cleveland","Jayson Tatum, Boston","Cade Cunningham, Detroit","Stephen Curry, Golden State","Anthony Edwards, Minnesota","LeBron James, Los Angeles Lakers","Evan Mobley, Cleveland","Jalen Brunson, New York","Tyrese Haliburton, Indiana","Jaren Jackson Jr., Memphis","Karl-Anthony Towns, New York","Jalen Williams, Oklahoma City"
Ramona Shelburne,ESPN,"Giannis Antetokounmpo, Milwaukee","Anthony Edwards, Minnesota","Shai Gilgeous-Alexander, Oklahoma City","Nikola Jokić, Denver","Jayson Tatum, Boston","Jalen Brunson, New York","Stephen Curry, Golden State","James Harden, LA Clippers","LeBron James, Los Angeles Lakers","Donovan Mitchell, Cleveland","Cade Cunningham, Detroit","Jaren Jackson Jr., Memphis","Evan Mobley, Cleveland","Karl-Anthony Towns, New York","Jalen Williams, Oklahoma City"
Bill Simmons,The Ringer,"Giannis Antetokounmpo, Milwaukee","Shai Gilgeous-Alexander, Oklahoma City","Nikola Jokić, Denver","Donovan Mitchell, Cleveland","Jayson Tatum, Boston","Stephen Curry, Golden State","Anthony Edwards, Minnesota","LeBron James, Los Angeles Lakers","Evan Mobley, Cleveland","Karl-Anthony Towns, New York","Jalen Brunson, New York","Cade Cunningham, Detroit","James Harden, LA Clippers","Jalen Williams, Oklahoma City","Ivica Zubac, LA Clippers"
Anthony Slater,The Athletic,"Giannis Antetokounmpo, Milwaukee","Anthony Edwards, Minnesota","Shai Gilgeous-Alexander, Oklahoma City","Nikola Jokić, Denver","Jayson Tatum, Boston","Jalen Brunson, New York","Stephen Curry, Golden State","LeBron James, Los Angeles Lakers","Donovan Mitchell, Cleveland","Karl-Anthony Towns, New York","Cade Cunningham, Detroit","James Harden, LA Clippers","Jaren Jackson Jr., Memphis","Evan Mobley, Cleveland","Jalen Williams, Oklahoma City"
Doug Smith,The Toronto Star,"Giannis Antetokounmpo, Milwaukee","Shai Gilgeous-Alexander, Oklahoma City","Nikola Jokić, Denver","Donovan Mitchell, Cleveland","Jayson Tatum, Boston","Jalen Brunson, New York","Cade Cunningham, Detroit","Stephen Curry, Golden State","LeBron James, Los Angeles Lakers","Evan Mobley, Cleveland","Anthony Edwards, Minnesota","Tyrese Haliburton, Indiana","Jaren Jackson Jr., Memphis","Alperen Sengun, Houston","Ivica Zubac, LA Clippers"
Stephen A. Smith,ESPN,"Giannis Antetokounmpo, Milwaukee","Shai Gilgeous-Alexander, Oklahoma City","Nikola Jokić, Denver","Donovan Mitchell, Cleveland","Jayson Tatum, Boston","Stephen Curry, Golden State","Anthony Edwards, Minnesota","LeBron James, Los Angeles Lakers","Evan Mobley, Cleveland","Alperen Sengun, Houston","Jalen Brunson, New York","Cade Cunningham, Detroit","Tyrese Haliburton, Indiana","Jaren Jackson Jr., Memphis","Karl-Anthony Towns, New York"
Steve Smith,WarnerMedia,"Giannis Antetokounmpo, Milwaukee","Shai Gilgeous-Alexander, Oklahoma City","Nikola Jokić, Denver","Donovan Mitchell, Cleveland","Jayson Tatum, Boston","Cade Cunningham, Detroit","Stephen Curry, Golden State","Anthony Edwards, Minnesota","LeBron James, Los Angeles Lakers","Evan Mobley, Cleveland","Jalen Brunson, New York","Tyrese Haliburton, Indiana","James Harden, LA Clippers","Jaren Jackson Jr., Memphis","Karl-Anthony Towns, New York"
Justin Termine,Sirius Radio,"Giannis Antetokounmpo, Milwaukee","Shai Gilgeous-Alexander, Oklahoma City","Nikola Jokić, Denver","Donovan Mitchell, Cleveland","Jayson Tatum, Boston","Stephen Curry, Golden State","Anthony Edwards, Minnesota","LeBron James, Los Angeles Lakers","Evan Mobley, Cleveland","Karl-Anthony Towns, New York","Jalen Brunson, New York","Cade Cunningham, Detroit","Jaren Jackson Jr., Memphis","Pascal Siakam, Indiana","Ivica Zubac, LA Clippers"
Flavio Tranquillo,Sky Italia,"Giannis Antetokounmpo, Milwaukee","Shai Gilgeous-Alexander, Oklahoma City","Nikola Jokić, Denver","Donovan Mitchell, Cleveland","Jayson Tatum, Boston","Cade Cunningham, Detroit","Stephen Curry, Golden State","Anthony Edwards, Minnesota","Evan Mobley, Cleveland","Alperen Sengun, Houston","Jalen Brunson, New York","Tyrese Haliburton, Indiana","LeBron James, Los Angeles Lakers","Karl-Anthony Towns, New York","Jalen Williams, Oklahoma City"
Stan Van Gundy,WarnerMedia,"Giannis Antetokounmpo, Milwaukee","Anthony Edwards, Minnesota","Shai Gilgeous-Alexander, Oklahoma City","Nikola Jokić, Denver","Jayson Tatum, Boston","Cade Cunningham, Detroit","Stephen Curry, Golden State","Tyrese Haliburton, Indiana","Evan Mobley, Cleveland","Karl-Anthony Towns, New York","Jalen Brunson, New York","LeBron James, Los Angeles Lakers","Donovan Mitchell, Cleveland","Domantas Sabonis, Sacramento","Ivica Zubac, LA Clippers"
Joe Vardon,The Athletic,"Giannis Antetokounmpo, Milwaukee","Shai Gilgeous-Alexander, Oklahoma City","LeBron James, Los Angeles Lakers","Nikola Jokić, Denver","Jayson Tatum, Boston","Cade Cunningham, Detroit","Stephen Curry, Golden State","Anthony Edwards, Minnesota","Donovan Mitchell, Cleveland","Evan Mobley, Cleveland","Jalen Brunson, New York","Tyrese Haliburton, Indiana","Karl-Anthony Towns, New York","Jalen Williams, Oklahoma City","Ivica Zubac, LA Clippers"
Gary Washburn,Boston Globe,"Giannis Antetokounmpo, Milwaukee","Cade Cunningham, Detroit","Shai Gilgeous-Alexander, Oklahoma City","Nikola Jokić, Denver","Jayson Tatum, Boston","Jalen Brunson, New York","Stephen Curry, Golden State","Anthony Edwards, Minnesota","Donovan Mitchell, Cleveland","Karl-Anthony Towns, New York","Darius Garland, Cleveland","James Harden, LA Clippers","LeBron James, Los Angeles Lakers","Evan Mobley, Cleveland","Trae Young, Atlanta"
Michael Wilbon,ESPN,"Giannis Antetokounmpo, Milwaukee","Shai Gilgeous-Alexander, Oklahoma City","Nikola Jokić, Denver","Donovan Mitchell, Cleveland","Jayson Tatum, Boston","Jalen Brunson, New York","Cade Cunningham, Detroit","Anthony Edwards, Minnesota","LeBron James, Los Angeles Lakers","Jalen Williams, Oklahoma City","Stephen Curry, Golden State","James Harden, LA Clippers","Evan Mobley, Cleveland","Alperen Sengun, Houston","Karl-Anthony Towns, New York"
Brian Windhorst,ESPN,"Giannis Antetokounmpo, Milwaukee","Shai Gilgeous-Alexander, Oklahoma City","Nikola Jokić, Denver","Donovan Mitchell, Cleveland","Jayson Tatum, Boston","Jalen Brunson, New York","Stephen Curry, Golden State","Anthony Edwards, Minnesota","LeBron James, Los Angeles Lakers","Evan Mobley, Cleveland","Cade Cunningham, Detroit","James Harden, LA Clippers","Jaren Jackson Jr., Memphis","Karl-Anthony Towns, New York","Jalen Williams, Oklahoma City"
Matt Winer,WarnerMedia,"Giannis Antetokounmpo, Milwaukee","Shai Gilgeous-Alexander, Oklahoma City","LeBron James, Los Angeles Lakers","Nikola Jokić, Denver","Jayson Tatum, Boston","Jalen Brunson, New York","Anthony Edwards, Minnesota","Tyrese Haliburton, Indiana","Donovan Mitchell, Cleveland","Evan Mobley, Cleveland","Cade Cunningham, Detroit","Stephen Curry, Golden State","Alperen Sengun, Houston","Karl-Anthony Towns, New York","Jalen Williams, Oklahoma City"
Michael C. Wright,ESPN,"Giannis Antetokounmpo, Milwaukee","Shai Gilgeous-Alexander, Oklahoma City","Nikola Jokić, Denver","Donovan Mitchell, Cleveland","Jayson Tatum, Boston","Jalen Brunson, New York","Cade Cunningham, Detroit","Anthony Edwards, Minnesota","Evan Mobley, Cleveland","Karl-Anthony Towns, New York","Stephen Curry, Golden State","Jaren Jackson Jr., Memphis","LeBron James, Los Angeles Lakers","Alperen Sengun, Houston","Jalen Williams, Oklahoma City"
Ohm Youngmisuk,ESPN,"Giannis Antetokounmpo, Milwaukee","Anthony Edwards, Minnesota","Shai Gilgeous-Alexander, Oklahoma City","Nikola Jokić, Denver","Jayson Tatum, Boston","Jalen Brunson, New York","Stephen Curry, Golden State","LeBron James, Los Angeles Lakers","Donovan Mitchell, Cleveland","Evan Mobley, Cleveland","Cade Cunningham, Detroit","Tyrese Haliburton, Indiana","James Harden, LA Clippers","Karl-Anthony Towns, New York","Jalen Williams, Oklahoma City"
Jeff Zillgitt,USA Today,"Giannis Antetokounmpo, Milwaukee","Shai Gilgeous-Alexander, Oklahoma City","Nikola Jokić, Denver","Donovan Mitchell, Cleveland","Jayson Tatum, Boston","Stephen Curry, Golden State","Anthony Edwards, Minnesota","LeBron James, Los Angeles Lakers","Evan Mobley, Cleveland","Karl-Anthony Towns, New York","Jalen Brunson, New York","Cade Cunningham, Detroit","Jaren Jackson Jr., Memphis","Alperen Sengun, Houston","Jalen Williams, Oklahoma City"
